<?xml version="1.0" encoding="utf-8"?>
<ROOT>
    <GROUP link_name="FCL_logging_BUS" bit_size="1128"> <!-- [141.0] -->
            <MESSAGE name="data_voter_logging">
                <SIGNAL name="sidestick_voter_logging.Sidestick_RH_Long_logging.input_pre_processing_logging.preproc_signals_1.value" base_name="value" type="u1" length="1" minimum="0.0" maximum="1.0" />
                <SIGNAL name="sidestick_voter_logging.Sidestick_RH_Long_logging.input_pre_processing_logging.preproc_signals_1.validity" base_name="validity" type="u1" length="1" minimum="0.0" maximum="1.0" />
                <SIGNAL name="sidestick_voter_logging.Sidestick_RH_Long_logging.input_pre_processing_logging.preproc_signals_2" base_name="SCU_mcr_status" type="u1" length="1" minimum="0.0" maximum="1.0" />
                <SIGNAL name="sidestick_voter_logging.Sidestick_RH_Long_logging.input_pre_processing_logging.preproc_signals_3" base_name="SCU_mcr_status" type="u1" length="1" minimum="0.0" maximum="1.0" />
                <SIGNAL name="PU101_FCC1_FCC2_SCU_master_wrapback" base_name="SCU_master_wrapback" type="u2" length="2" minimum="0.0" maximum="3.0" />
                <SIGNAL name="PU101_FCC1_FCC2_SCU_live_mon_CANB" base_name="SCU_live_mon_CANB" type="u1" length="1" minimum="0.0" maximum="1.0" />
                <SIGNAL name="PU101_FCC1_FCC2_SCU_live_mon_CANA" base_name="SCU_live_mon_CANA" type="u1" length="1" minimum="0.0" maximum="1.0" />
                <SIGNAL name="PU101_FCC1_FCC2_SCU_live_mon_FCC3" base_name="SCU_live_mon_FCC3" type="u1" length="1" minimum="0.0" maximum="1.0" />
                <SIGNAL name="PU101_FCC1_FCC2_SCU_live_mon_FCC2" base_name="SCU_live_mon_FCC2" type="u1" length="1" minimum="0.0" maximum="1.0" />
                <SIGNAL name="PU101_FCC1_FCC2_SCU_live_mon_FCC1" base_name="SCU_live_mon_FCC1" type="u1" length="1" minimum="0.0" maximum="1.0" />
                <SIGNAL name="padding" type="p4" length="4" />
                <SIGNAL name="PU101_FCC1_FCC2_pvs_status" base_name="pvs_status" type="u4" length="4" minimum="0.0" maximum="15.0" />
                <SIGNAL name="PU101_FCC1_FCC2_angle_deg" base_name="angle_deg" type="f32" length="32" minimum="-19.2" maximum="144.6" />
                <SIGNAL name="padding" type="p5" length="5" />
                <SIGNAL name="PU101_FCC1_FCC2_pvs_fti_status" base_name="pvs_fti_status" type="u2" length="2" minimum="0.0" maximum="3.0" />
                <SIGNAL name="PU101_FCC1_FCC2_angle_valid" base_name="angle_valid" type="u1" length="1" minimum="0.0" maximum="1.0" />
                <SIGNAL name="PU101_FCC1_FCC2_SCU_status_Sno" base_name="Sno" type="u8" length="8" />
                <SIGNAL name="PU101_FCC1_FCC2_SCU_status_MIC" base_name="MIC" type="u16" length="16" />
            </MESSAGE> <!-- 80 [10.0] -->
            <MESSAGE name="PU101_FCC1_FCC2_SCU_LF_maint_7_Msg">
                <SIGNAL name="PU101_FCC1_FCC2_pvs_fault_report_15" base_name="pvs_fault_report_15" type="u32" length="32" />
                <SIGNAL name="PU101_FCC1_FCC2_pvs_fault_report_16" base_name="pvs_fault_report_16" type="u32" length="32" />
            </MESSAGE> <!-- 64 [8.0] -->
            <MESSAGE name="PU101_FCC1_FCC2_ECU_A_LF_maint_6_Msg">
                <SIGNAL name="PU101_FCC1_FCC2_ens_A_fault_report_15" base_name="ens_fault_report_15" type="u32" length="32" />
                <SIGNAL name="PU101_FCC1_FCC2_ens_A_fault_report_16" base_name="ens_fault_report_16" type="u32" length="32" />
            </MESSAGE> <!-- 64 [8.0] -->
            <MESSAGE name="PU101_FCC1_FCC2_ECU_B_LF_maint_6_Msg">
                <SIGNAL name="PU101_FCC1_FCC2_ens_B_fault_report_15" base_name="ens_fault_report_15" type="u32" length="32" />
                <SIGNAL name="PU101_FCC1_FCC2_ens_B_fault_report_16" base_name="ens_fault_report_16" type="u32" length="32" />
            </MESSAGE> <!-- 64 [8.0] -->
    </GROUP>

</ROOT>