<?xml version="1.0" encoding="utf-8"?>
<ROOT>
    <GROUP name="P1x1" bit_size="1128"> <!-- [141.0] -->
        <MESSAGE name="PU101_FCC1_FCC2_SCU_status_Msg">
            <SIGNAL name="PU101_FCC1_FCC2_SCU_mcr_status" base_name="SCU_mcr_status" type="u1" length="1" minimum="0.0" maximum="1.0" />
            <SIGNAL name="PU101_FCC1_FCC2_SCU_master_wrapback" base_name="SCU_master_wrapback" type="u2" length="2" minimum="0.0" maximum="3.0" />
            <SIGNAL name="PU101_FCC1_FCC2_SCU_live_mon_CANB" base_name="SCU_live_mon_CANB" type="u1" length="1" minimum="0.0" maximum="1.0" />
            <SIGNAL name="PU101_FCC1_FCC2_SCU_live_mon_CANA" base_name="SCU_live_mon_CANA" type="u1" length="1" minimum="0.0" maximum="1.0" />
            <SIGNAL name="PU101_FCC1_FCC2_SCU_live_mon_FCC3" base_name="SCU_live_mon_FCC3" type="u1" length="1" minimum="0.0" maximum="1.0" />
            <SIGNAL name="PU101_FCC1_FCC2_SCU_live_mon_FCC2" base_name="SCU_live_mon_FCC2" type="u1" length="1" minimum="0.0" maximum="1.0" />
            <SIGNAL name="PU101_FCC1_FCC2_SCU_live_mon_FCC1" base_name="SCU_live_mon_FCC1" type="u1" length="1" minimum="0.0" maximum="1.0" />
            <SIGNAL name="padding" type="p4" length="4" />
            <SIGNAL name="PU101_FCC1_FCC2_pvs_status" base_name="pvs_status" type="u4" length="4" minimum="0.0" maximum="15.0" />
            <SIGNAL name="PU101_FCC1_FCC2_angle_deg" base_name="angle_deg" type="f32" length="32" minimum="-19.2" maximum="144.6" />
            <SIGNAL name="padding" type="p5" length="5" />
            <SIGNAL name="PU101_FCC1_FCC2_pvs_fti_status" base_name="pvs_fti_status" type="u2" length="2" minimum="0.0" maximum="3.0" />
            <SIGNAL name="PU101_FCC1_FCC2_angle_valid" base_name="angle_valid" type="u1" length="1" minimum="0.0" maximum="1.0" />
            <SIGNAL name="PU101_FCC1_FCC2_SCU_status_Sno" base_name="Sno" type="u8" length="8" />
            <SIGNAL name="PU101_FCC1_FCC2_SCU_status_MIC" base_name="MIC" type="u16" length="16" />
        </MESSAGE> <!-- 80 [10.0] -->
        <MESSAGE name="PU101_FCC1_FCC2_SCU_ext_status_Msg">
            <SIGNAL name="PU101_FCC1_FCC2_pvs_motor_temp_C" base_name="pvs_motor_temp_C" type="f32" length="32" minimum="-40.0" maximum="215.0" />
            <SIGNAL name="PU101_FCC1_FCC2_pvs_controller_temp_C" base_name="pvs_controller_temp_C" type="f32" length="32" minimum="-40.0" maximum="215.0" />
            <SIGNAL name="PU101_FCC1_FCC2_maintenance_mode_active" base_name="maintenance_mode_active" type="u1" length="1" minimum="0.0" maximum="1.0" />
            <SIGNAL name="PU101_FCC1_FCC2_pvs_controller_temp_valid" base_name="pvs_controller_temp_valid" type="u1" length="1" minimum="0.0" maximum="1.0" />
            <SIGNAL name="PU101_FCC1_FCC2_pvs_motor_temp_valid" base_name="pvs_motor_temp_valid" type="u1" length="1" minimum="0.0" maximum="1.0" />
            <SIGNAL name="PU101_FCC1_FCC2_pvs_source" base_name="pvs_source" type="u1" length="1" minimum="0.0" maximum="1.0" />
            <SIGNAL name="PU101_FCC1_FCC2_pvs_dispatch_status" base_name="pvs_dispatch_status" type="u4" length="4" minimum="0.0" maximum="15.0" />
            <SIGNAL name="PU101_FCC1_FCC2_SCU_ext_status_Sno" base_name="Sno" type="u8" length="8" />
            <SIGNAL name="PU101_FCC1_FCC2_SCU_ext_status_MIC" base_name="MIC" type="u16" length="16" />
        </MESSAGE> <!-- 96 [12.0] -->
        <MESSAGE name="PU101_FCC1_FCC2_ECU_A_status_Msg">
            <SIGNAL name="PU101_FCC1_FCC2_ECU_A_mcr_status" base_name="ECU_mcr_status" type="u1" length="1" minimum="0.0" maximum="1.0" />
            <SIGNAL name="PU101_FCC1_FCC2_ECU_A_master_wrapback" base_name="ECU_master_wrapback" type="u2" length="2" minimum="0.0" maximum="3.0" />
            <SIGNAL name="PU101_FCC1_FCC2_ECU_A_live_mon_CAND" base_name="ECU_live_mon_CAND" type="u1" length="1" minimum="0.0" maximum="1.0" />
            <SIGNAL name="PU101_FCC1_FCC2_ECU_A_live_mon_CANC" base_name="ECU_live_mon_CANC" type="u1" length="1" minimum="0.0" maximum="1.0" />
            <SIGNAL name="PU101_FCC1_FCC2_ECU_A_live_mon_FCC3" base_name="ECU_live_mon_FCC3" type="u1" length="1" minimum="0.0" maximum="1.0" />
            <SIGNAL name="PU101_FCC1_FCC2_ECU_A_live_mon_FCC2" base_name="ECU_live_mon_FCC2" type="u1" length="1" minimum="0.0" maximum="1.0" />
            <SIGNAL name="PU101_FCC1_FCC2_ECU_A_live_mon_FCC1" base_name="ECU_live_mon_FCC1" type="u1" length="1" minimum="0.0" maximum="1.0" />
            <SIGNAL name="padding" type="p6" length="6" />
            <SIGNAL name="PU101_FCC1_FCC2_ens_A_vibration_valid" base_name="ens_vibration_valid" type="u1" length="1" minimum="0.0" maximum="1.0" />
            <SIGNAL name="PU101_FCC1_FCC2_ens_A_RPM_valid" base_name="ens_RPM_valid" type="u1" length="1" minimum="0.0" maximum="1.0" />
            <SIGNAL name="PU101_FCC1_FCC2_ens_A_RPM" base_name="ens_RPM" type="u16" length="16" minimum="0.0" maximum="16383.0" />
            <SIGNAL name="padding" type="p4" length="4" />
            <SIGNAL name="PU101_FCC1_FCC2_ens_A_status" base_name="ens_status" type="u4" length="4" minimum="0.0" maximum="15.0" />
            <SIGNAL name="PU101_FCC1_FCC2_ens_A_vibration_level" base_name="ens_vibration_level" type="u16" length="16" minimum="0.0" maximum="1023.0" />
            <SIGNAL name="padding" type="p6" length="6" />
            <SIGNAL name="PU101_FCC1_FCC2_ens_A_fti_status" base_name="ens_fti_status" type="u2" length="2" minimum="0.0" maximum="3.0" />
            <SIGNAL name="PU101_FCC1_FCC2_ECU_A_status_Sno" base_name="Sno" type="u8" length="8" />
            <SIGNAL name="PU101_FCC1_FCC2_ECU_A_status_MIC" base_name="MIC" type="u16" length="16" />
        </MESSAGE> <!-- 88 [11.0] -->
        <MESSAGE name="PU101_FCC1_FCC2_ECU_A_ext_status_Msg">
            <SIGNAL name="PU101_FCC1_FCC2_ens_A_emotor_temp_C" base_name="ens_emotor_temp_C" type="f32" length="32" minimum="-40.5" maximum="342.0" />
            <SIGNAL name="PU101_FCC1_FCC2_ens_A_controller_temp_C" base_name="ens_controller_temp_C" type="f32" length="32" minimum="-40.0" maximum="215.0" />
            <SIGNAL name="PU101_FCC1_FCC2_ens_A_dispatch_status" base_name="ens_dispatch_status" type="u4" length="4" minimum="0.0" maximum="15.0" />
            <SIGNAL name="PU101_FCC1_FCC2_ens_A_temp_status" base_name="ens_temp_status" type="u2" length="2" minimum="0.0" maximum="3.0" />
            <SIGNAL name="PU101_FCC1_FCC2_ens_A_vibration_status" base_name="ens_vibration_status" type="u2" length="2" minimum="0.0" maximum="3.0" />
            <SIGNAL name="padding" type="p5" length="5" />
            <SIGNAL name="PU101_FCC1_FCC2_ECU_A_maintenance_mode_active" base_name="maintenance_mode_active" type="u1" length="1" minimum="0.0" maximum="1.0" />
            <SIGNAL name="PU101_FCC1_FCC2_ens_A_controller_temp_valid" base_name="ens_controller_temp_valid" type="u1" length="1" minimum="0.0" maximum="1.0" />
            <SIGNAL name="PU101_FCC1_FCC2_ens_A_emotor_temp_valid" base_name="ens_emotor_temp_valid" type="u1" length="1" minimum="0.0" maximum="1.0" />
            <SIGNAL name="PU101_FCC1_FCC2_ECU_A_ext_status_Sno" base_name="Sno" type="u8" length="8" />
            <SIGNAL name="PU101_FCC1_FCC2_ECU_A_ext_status_MIC" base_name="MIC" type="u16" length="16" />
        </MESSAGE> <!-- 104 [13.0] -->
        <MESSAGE name="PU101_FCC1_FCC2_SCU_HF_maint_Msg">
            <SIGNAL name="PU101_FCC1_FCC2_pvs_osps_angle_deg" base_name="pvs_osps_angle_deg" type="f32" length="32" minimum="-19.2" maximum="144.6" />
            <SIGNAL name="PU101_FCC1_FCC2_pvs_pups_angle_deg" base_name="pvs_pups_angle_deg" type="f32" length="32" minimum="-19.2" maximum="144.6" />
            <SIGNAL name="PU101_FCC1_FCC2_pvs_current_A" base_name="pvs_current_A" type="f32" length="32" minimum="0.0" maximum="10.2" />
            <SIGNAL name="padding" type="p3" length="3" />
            <SIGNAL name="PU101_FCC1_FCC2_pvs_torque_valid" base_name="pvs_torque_valid" type="u1" length="1" minimum="0.0" maximum="1.0" />
            <SIGNAL name="PU101_FCC1_FCC2_pvs_voltage_valid" base_name="pvs_voltage_valid" type="u1" length="1" minimum="0.0" maximum="1.0" />
            <SIGNAL name="PU101_FCC1_FCC2_pvs_current_valid" base_name="pvs_current_valid" type="u1" length="1" minimum="0.0" maximum="1.0" />
            <SIGNAL name="PU101_FCC1_FCC2_pvs_pups_valid" base_name="pvs_pups_valid" type="u1" length="1" minimum="0.0" maximum="1.0" />
            <SIGNAL name="PU101_FCC1_FCC2_pvs_osps_valid" base_name="pvs_osps_valid" type="u1" length="1" minimum="0.0" maximum="1.0" />
            <SIGNAL name="PU101_FCC1_FCC2_pvs_voltage_V" base_name="pvs_voltage_V" type="f32" length="32" minimum="0.0" maximum="1074.675" />
            <SIGNAL name="PU101_FCC1_FCC2_pvs_torque_Nm" base_name="pvs_torque_Nm" type="f32" length="32" minimum="-1536.0" maximum="1535.25" />
        </MESSAGE> <!-- 168 [21.0] -->
        <MESSAGE name="PU101_FCC1_FCC2_ECU_A_HF_maint_Msg">
            <SIGNAL name="PU101_FCC1_FCC2_ens_A_current_A" base_name="ens_current_A" type="f32" length="32" minimum="0.0" maximum="281.325" />
            <SIGNAL name="padding" type="p5" length="5" />
            <SIGNAL name="PU101_FCC1_FCC2_ens_A_torque_valid" base_name="ens_torque_valid" type="u1" length="1" minimum="0.0" maximum="1.0" />
            <SIGNAL name="PU101_FCC1_FCC2_ens_A_voltage_valid" base_name="ens_voltage_valid" type="u1" length="1" minimum="0.0" maximum="1.0" />
            <SIGNAL name="PU101_FCC1_FCC2_ens_A_current_valid" base_name="ens_current_valid" type="u1" length="1" minimum="0.0" maximum="1.0" />
            <SIGNAL name="PU101_FCC1_FCC2_ens_A_voltage_V" base_name="ens_voltage_V" type="f32" length="32" minimum="0.0" maximum="1074.675" />
            <SIGNAL name="PU101_FCC1_FCC2_ens_A_torque_Nm" base_name="ens_torque_Nm" type="f32" length="32" minimum="-3.0" maximum="160.8" />
        </MESSAGE> <!-- 104 [13.0] -->
        <MESSAGE name="PU101_FCC1_FCC2_ECU_B_status_Msg">
            <SIGNAL name="PU101_FCC1_FCC2_ECU_B_mcr_status" base_name="ECU_mcr_status" type="u1" length="1" minimum="0.0" maximum="1.0" />
            <SIGNAL name="PU101_FCC1_FCC2_ECU_B_master_wrapback" base_name="ECU_master_wrapback" type="u2" length="2" minimum="0.0" maximum="3.0" />
            <SIGNAL name="PU101_FCC1_FCC2_ECU_B_live_mon_CAND" base_name="ECU_live_mon_CAND" type="u1" length="1" minimum="0.0" maximum="1.0" />
            <SIGNAL name="PU101_FCC1_FCC2_ECU_B_live_mon_CANC" base_name="ECU_live_mon_CANC" type="u1" length="1" minimum="0.0" maximum="1.0" />
            <SIGNAL name="PU101_FCC1_FCC2_ECU_B_live_mon_FCC3" base_name="ECU_live_mon_FCC3" type="u1" length="1" minimum="0.0" maximum="1.0" />
            <SIGNAL name="PU101_FCC1_FCC2_ECU_B_live_mon_FCC2" base_name="ECU_live_mon_FCC2" type="u1" length="1" minimum="0.0" maximum="1.0" />
            <SIGNAL name="PU101_FCC1_FCC2_ECU_B_live_mon_FCC1" base_name="ECU_live_mon_FCC1" type="u1" length="1" minimum="0.0" maximum="1.0" />
            <SIGNAL name="padding" type="p6" length="6" />
            <SIGNAL name="PU101_FCC1_FCC2_ens_B_vibration_valid" base_name="ens_vibration_valid" type="u1" length="1" minimum="0.0" maximum="1.0" />
            <SIGNAL name="PU101_FCC1_FCC2_ens_B_RPM_valid" base_name="ens_RPM_valid" type="u1" length="1" minimum="0.0" maximum="1.0" />
            <SIGNAL name="PU101_FCC1_FCC2_ens_B_RPM" base_name="ens_RPM" type="u16" length="16" minimum="0.0" maximum="16383.0" />
            <SIGNAL name="padding" type="p4" length="4" />
            <SIGNAL name="PU101_FCC1_FCC2_ens_B_status" base_name="ens_status" type="u4" length="4" minimum="0.0" maximum="15.0" />
            <SIGNAL name="PU101_FCC1_FCC2_ens_B_vibration_level" base_name="ens_vibration_level" type="u16" length="16" minimum="0.0" maximum="1023.0" />
            <SIGNAL name="padding" type="p6" length="6" />
            <SIGNAL name="PU101_FCC1_FCC2_ens_B_fti_status" base_name="ens_fti_status" type="u2" length="2" minimum="0.0" maximum="3.0" />
            <SIGNAL name="PU101_FCC1_FCC2_ECU_B_status_Sno" base_name="Sno" type="u8" length="8" />
            <SIGNAL name="PU101_FCC1_FCC2_ECU_B_status_MIC" base_name="MIC" type="u16" length="16" />
        </MESSAGE> <!-- 88 [11.0] -->
        <MESSAGE name="PU101_FCC1_FCC2_ECU_B_ext_status_Msg">
            <SIGNAL name="PU101_FCC1_FCC2_ens_B_emotor_temp_C" base_name="ens_emotor_temp_C" type="f32" length="32" minimum="-40.5" maximum="342.0" />
            <SIGNAL name="PU101_FCC1_FCC2_ens_B_controller_temp_C" base_name="ens_controller_temp_C" type="f32" length="32" minimum="-40.0" maximum="215.0" />
            <SIGNAL name="PU101_FCC1_FCC2_ens_B_dispatch_status" base_name="ens_dispatch_status" type="u4" length="4" minimum="0.0" maximum="15.0" />
            <SIGNAL name="PU101_FCC1_FCC2_ens_B_temp_status" base_name="ens_temp_status" type="u2" length="2" minimum="0.0" maximum="3.0" />
            <SIGNAL name="PU101_FCC1_FCC2_ens_B_vibration_status" base_name="ens_vibration_status" type="u2" length="2" minimum="0.0" maximum="3.0" />
            <SIGNAL name="padding" type="p5" length="5" />
            <SIGNAL name="PU101_FCC1_FCC2_ECU_B_maintenance_mode_active" base_name="maintenance_mode_active" type="u1" length="1" minimum="0.0" maximum="1.0" />
            <SIGNAL name="PU101_FCC1_FCC2_ens_B_controller_temp_valid" base_name="ens_controller_temp_valid" type="u1" length="1" minimum="0.0" maximum="1.0" />
            <SIGNAL name="PU101_FCC1_FCC2_ens_B_emotor_temp_valid" base_name="ens_emotor_temp_valid" type="u1" length="1" minimum="0.0" maximum="1.0" />
            <SIGNAL name="PU101_FCC1_FCC2_ECU_B_ext_status_Sno" base_name="Sno" type="u8" length="8" />
            <SIGNAL name="PU101_FCC1_FCC2_ECU_B_ext_status_MIC" base_name="MIC" type="u16" length="16" />
        </MESSAGE> <!-- 104 [13.0] -->
        <MESSAGE name="PU101_FCC1_FCC2_ECU_B_HF_maint_Msg">
            <SIGNAL name="PU101_FCC1_FCC2_ens_B_current_A" base_name="ens_current_A" type="f32" length="32" minimum="0.0" maximum="281.325" />
            <SIGNAL name="padding" type="p5" length="5" />
            <SIGNAL name="PU101_FCC1_FCC2_ens_B_torque_valid" base_name="ens_torque_valid" type="u1" length="1" minimum="0.0" maximum="1.0" />
            <SIGNAL name="PU101_FCC1_FCC2_ens_B_voltage_valid" base_name="ens_voltage_valid" type="u1" length="1" minimum="0.0" maximum="1.0" />
            <SIGNAL name="PU101_FCC1_FCC2_ens_B_current_valid" base_name="ens_current_valid" type="u1" length="1" minimum="0.0" maximum="1.0" />
            <SIGNAL name="PU101_FCC1_FCC2_ens_B_voltage_V" base_name="ens_voltage_V" type="f32" length="32" minimum="0.0" maximum="1074.675" />
            <SIGNAL name="PU101_FCC1_FCC2_ens_B_torque_Nm" base_name="ens_torque_Nm" type="f32" length="32" minimum="-3.0" maximum="160.8" />
        </MESSAGE> <!-- 104 [13.0] -->
        <MESSAGE name="PU101_FCC1_FCC2_SCU_LF_maint_7_Msg">
            <SIGNAL name="PU101_FCC1_FCC2_pvs_fault_report_15" base_name="pvs_fault_report_15" type="u32" length="32" />
            <SIGNAL name="PU101_FCC1_FCC2_pvs_fault_report_16" base_name="pvs_fault_report_16" type="u32" length="32" />
        </MESSAGE> <!-- 64 [8.0] -->
        <MESSAGE name="PU101_FCC1_FCC2_ECU_A_LF_maint_6_Msg">
            <SIGNAL name="PU101_FCC1_FCC2_ens_A_fault_report_15" base_name="ens_fault_report_15" type="u32" length="32" />
            <SIGNAL name="PU101_FCC1_FCC2_ens_A_fault_report_16" base_name="ens_fault_report_16" type="u32" length="32" />
        </MESSAGE> <!-- 64 [8.0] -->
        <MESSAGE name="PU101_FCC1_FCC2_ECU_B_LF_maint_6_Msg">
            <SIGNAL name="PU101_FCC1_FCC2_ens_B_fault_report_15" base_name="ens_fault_report_15" type="u32" length="32" />
            <SIGNAL name="PU101_FCC1_FCC2_ens_B_fault_report_16" base_name="ens_fault_report_16" type="u32" length="32" />
        </MESSAGE> <!-- 64 [8.0] -->
    </GROUP>
</ROOT>